CREATE DATABASE gym_database;
USE gym_database;

-- course課程
CREATE TABLE `courses` (
  `course_id` int NOT NULL,
  `course_name` varchar(255)  DEFAULT NULL,
  `course_description` text ,
  `coach_id` int DEFAULT NULL,
  `course_date` date DEFAULT NULL,
  `course_time` time DEFAULT NULL,
  `created_at` timestamp NULL DEFAULT CURRENT_TIMESTAMP,
  `updated_at` timestamp NULL DEFAULT CURRENT_TIMESTAMP ON UPDATE CURRENT_TIMESTAMP
);
INSERT INTO `courses` (`course_id`, `course_name`, `course_description`, `coach_id`, `course_date`, `course_time`, `created_at`, `updated_at`) VALUES
(2, '瑜珈基礎班', '透過基礎瑜珈動作，提升身體柔軟度和核心力量。', 16, '2025-01-15', '09:00:00', '2025-01-11 05:55:12', '2025-01-12 13:09:14'),
(3, '進階有氧運動', '高強度有氧運動，加強心肺功能和體能訓練。', 1, '2025-01-16', '10:00:00', '2025-01-11 05:55:12', '2025-01-11 14:04:51'),
(4, '拳擊體驗課', '學習基本拳擊技巧，釋放壓力，提升體能。', 3, '2025-01-16', '09:00:00', '2025-01-11 05:55:12', '2025-01-12 08:55:48'),
(5, '核心訓練', '強化腹部和背部核心肌群的專項訓練課程。', 1, '2025-01-17', '10:00:00', '2025-01-11 05:55:12', '2025-01-11 05:55:12'),
(11, '瑜珈課程', '喔式喔', 3, '2025-01-30', '11:00:00', '2025-01-11 07:40:59', '2025-01-11 14:02:55'),
(12, '瑜珈課程', 'fefefeefe', 1, '2025-01-22', '09:00:00', '2025-01-11 07:41:19', '2025-01-11 07:41:19'),
(13, '種訊', 'dffdfefew', 1, '2025-01-21', '09:00:00', '2025-01-11 07:46:18', '2025-01-11 07:46:18'),
(14, '種訊', 'dffdfefew', 1, '2025-01-21', '09:00:00', '2025-01-11 07:46:20', '2025-01-11 07:46:20'),
(15, '種訊', 'dffdfefew', 1, '2025-01-21', '09:00:00', '2025-01-11 07:46:35', '2025-01-11 07:46:35'),
(16, '種訊', 'fdfjiejfoiefe', 3, '2025-01-15', '11:00:00', '2025-01-11 07:47:25', '2025-01-12 05:16:09'),
(17, '種訊', 'fdfjiejfoiefe', 2, '2025-01-15', '10:00:00', '2025-01-11 07:47:35', '2025-01-11 07:47:35'),
(18, 'feffefe', 'dfefefefe', 1, '2025-01-11', '09:00:00', '2025-01-11 07:49:44', '2025-01-11 07:49:44'),
(19, 'fefefe', 'ff3fe', 1, '2025-01-23', '09:00:00', '2025-01-11 07:58:00', '2025-01-11 07:58:00'),
(20, 'ffdfd', 'fdfdfdfd', 1, '2025-01-11', '09:00:00', '2025-01-11 08:08:33', '2025-01-11 08:08:33'),
(21, 'ewfefefe', 'efefefef', 1, '2025-01-11', '09:00:00', '2025-01-11 08:18:35', '2025-01-11 08:18:35'),
(22, 'fefef', 'efefef', 1, '2025-01-11', '09:00:00', '2025-01-11 08:18:47', '2025-01-11 08:18:47'),
(23, '基礎重訓課程', '適合初學者的重訓入門課程，學習正確的重訓姿勢和基本動作。', 3, '2025-02-01', '12:00:00', '2025-01-11 09:15:47', '2025-01-11 09:15:47'),
(24, '瑜珈基礎班', '透過基礎瑜珈動作，提升身體柔軟度和核心力量。', 3, '2025-01-25', '11:00:00', '2025-01-11 09:16:14', '2025-01-11 09:16:14'),
(25, '瑜珈基礎班', '透過基礎瑜珈動作，提升身體柔軟度和核心力量。', 1, '2025-01-31', '09:00:00', '2025-01-11 09:16:29', '2025-01-11 09:16:29'),
(26, '瑜珈基礎班', 'dcffefefef', 1, '2025-01-12', '12:00:00', '2025-01-12 05:13:25', '2025-01-12 05:13:25'),
(27, '瑜珈基礎班', 'dcffefefef', 1, '2025-01-12', '12:00:00', '2025-01-12 05:13:40', '2025-01-12 05:13:40'),
(28, '', '', 4, '2025-01-12', '09:00:00', '2025-01-12 09:04:38', '2025-01-12 09:04:38'),
(29, '', '', 17, '2025-01-12', '09:00:00', '2025-01-12 13:11:19', '2025-01-12 13:11:19'),
(30, '', '', 3, '2025-01-12', '09:00:00', '2025-01-12 13:16:00', '2025-01-12 13:16:00');

-- coach
CREATE TABLE `coaches` (
  `coach_id` int NOT NULL,
  `name` varchar(100)  NOT NULL,
  `specialty` varchar(255)  DEFAULT NULL,
  `email` varchar(255) NOT NULL,
  `phone` varchar(20) DEFAULT NULL,
  `profile_image` varchar(255)  DEFAULT NULL,
  `bio` text,
  `status` enum('active','inactive') DEFAULT'active',
  `coach_number` varchar(100)  NOT NULL,
  `created_at` timestamp NULL DEFAULT CURRENT_TIMESTAMP,
  `updated_at` timestamp NULL DEFAULT CURRENT_TIMESTAMP ON UPDATE CURRENT_TIMESTAMP
);
INSERT INTO `coaches` (`coach_id`, `name`, `specialty`, `email`, `phone`, `profile_image`, `bio`, `status`, `coach_number`,`created_at`, `updated_at`) VALUES
(1, '李小華', '重量訓練,體態雕塑', 'efefefef@gym.com', '0912-345-678', 'coach1.jpg', '專業健身教練10年經驗，專長為重量訓練與體態雕塑。曾獲得多項健美比賽獎項。', 'inactive','c25001', '2025-01-11 05:53:51', '2025-01-13 02:20:26'),
(2, '蘇昱銓', '重量訓練,體態雕塑', 'amy.lee@gym.com', '0912-345-678', 'coach1.jpg', '專業有氧舞蹈講師，擅長帶領團體課程，讓運動充滿樂趣與活力。', 'active', 'c25002','2025-01-11 05:53:51', '2025-01-12 12:59:03'),
(3, '林美玲', '功能性訓練,拳擊', 'wang.kuo@gym.com', '0934-567-890', 'coach3.jpg', '曾任職業拳擊手，現專注於功能性訓練教學，幫助學員提升整體運動表現。', 'inactive', 'c25003','2025-01-11 05:53:51', '2025-01-12 13:30:00'),
(4, '蘇昱銓', '有氧運動,舞蹈', 'dtes95@gmail.com', '0945-678-901', 'coach4.jpg', '專業有氧舞蹈講師，擅長帶領團體課程，讓運動充滿樂趣與活力。', 'active', 'c25003','2025-01-11 05:53:51', '2025-01-12 09:25:21'),
(6, '蘇昱銓', '重量訓練,體態雕塑', 'dtes95105@gmail.com', '0912-345-678', 'coach1.jpg', '曾任職業拳擊手，現專注於功能性訓練教學，幫助學員提升整體運動表現。', 'active','c25004', '2025-01-12 08:45:03', '2025-01-12 08:56:14'),
(9, '李小華', '重量訓練,體態雕塑', 'mail23867@test.com', '0912-345-678', 'coach5.jpg', '物理治療師背景，專門為銀髮族和術後復健人士設計適合的運動計畫。', 'inactive', 'c25005', '2025-01-12 09:02:21', '2025-01-12 09:44:23'),
(15, '蘇昱銓', '重量訓練,體態雕塑', 'd2626262@gmail.com', '0912-345-678', 'coach1.jpg', '專業有氧舞蹈講師，擅長帶領團體課程，讓運動充滿樂趣與活力。', 'active', 'c25006','2025-01-12 09:38:15', '2025-01-12 09:38:15'),
(16, 'Owen', '重量訓練,體態雕塑', 'mail2@test.com', '0956-789-012', 'coach5.jpg', '物理治療師背景，專門為銀髮族和術後復健人士設計適合的運動計畫。', 'inactive', 'c25007', '2025-01-12 09:40:48', '2025-01-12 13:09:23'),
(17, '花果', '復健訓練,銀髮族健身', 'efefefn@gym.com', '0912-345-678', 'coach1.jpg', '專業有氧舞蹈講師，擅長帶領團體課程，讓運動充滿樂趣與活力。', 'inactive', 'c25008', '2025-01-12 09:43:08', '2025-01-12 13:30:33');



-- gym點 資料表，將營業星期放在開門時間前面
CREATE TABLE gyms (
  gym_id  SERIAL PRIMARY KEY,        
  name VARCHAR(255) NOT NULL,        
  address VARCHAR(255),            
  business_days TEXT,  -- 營業星期，存儲為逗號分隔的字串
  opening_hours TIME,              
  closing_hours TIME,  -- 結束營業時間
  description TEXT,  -- 描述
  contact_info VARCHAR(50),               
  email VARCHAR(255),  -- 電子郵件
  manager VARCHAR(50),  -- 負責人
  created_at TIMESTAMP DEFAULT CURRENT_TIMESTAMP  -- 自動記錄創建時間
);

-- 插入資料，營業星期作為逗號分隔字串
INSERT INTO gyms (name, address, business_days, opening_hours, closing_hours, description, contact_info, email, manager)
VALUES
('健身房A', '台南市中華東路100號', 'Monday, Tuesday, Wednesday, Thursday, Friday', '08:00:00', '22:00:00', '提供各類健身器材，適合健身初學者與進階者使用，並提供專業指導課程。', '06-1234-5678', 'contactA@gym.com', '王大明'),
('健身房B', '台南市永康區中正路200號', 'Monday, Tuesday, Wednesday, Thursday, Friday, Saturday', '07:00:00', '23:00:00', '擁有先進的重訓設備及寬敞的游泳池，設有個人化健身計劃設計服務。', '06-2345-6789', 'contactB@gym.com', '李小華'),
('健身房C', '台南市安平區建國路300號', 'Tuesday, Wednesday, Thursday, Friday, Saturday', '06:30:00', '21:30:00', '提供多樣的有氧運動課程及高效的跑步機，環境清新舒適。', '06-3456-7890', 'contactC@gym.com', '張志強'),
('健身房D', '台南市北區成功路400號', 'Monday, Wednesday, Friday, Saturday', '09:00:00', '20:00:00', '專業拳擊訓練課程、自由重訓區，專注於力量與耐力的提升。', '06-4567-8901', 'contactD@gym.com', '陳美麗'),
('健身房E', '台南市西區府前路500號', 'Monday, Tuesday, Wednesday, Thursday, Friday', '08:00:00', '22:30:00', '提供各式團體課程及無氧設備，讓您更有效率地達成健身目標。', '06-5678-9012', 'contactE@gym.com', '林俊杰');

-- 文章列表 
CREATE TABLE articles (
    article_id INTEGER PRIMARY KEY auto_increment,
    title VARCHAR(255),
    content TEXT,
    author_id VARCHAR(50),
    uploadStatus INTEGER,
    created_at TIMESTAMP DEFAULT CURRENT_TIMESTAMP,
    updated_at TIMESTAMP DEFAULT CURRENT_TIMESTAMP
);

INSERT INTO articles (title, content, author_id,uploadStatus) VALUES
('如何開始健身：初學者指南', '健身對許多人來說是個全新的挑戰，對於初學者而言，最重要的是從基礎開始，避免過度訓練而受傷。本文將介紹如何開始健身，包括選擇適合自己的運動項目、如何安排每週的訓練計劃、以及訓練前後應該注意的事項。對於初學者，最好的建議是從輕度的有氧運動和基礎力量訓練入手，逐步增加強度與挑戰。', 'c25002',0),
('健身與飲食的關聯性', '很多人會認為只要多運動就能保持健康或減重，但其實飲食在健身過程中扮演著更為關鍵的角色。本文將深入探討運動和飲食的關係，從蛋白質的攝取到碳水化合物和脂肪的平衡，幫助你了解如何通過調整飲食來提升健身效果。飲食應該根據個人的健身目標來調整，增肌的人需要更多的蛋白質，而減脂的人則需要控制碳水化合物的攝取量。', 'c25001',1),
('高效燃脂的運動方式', '如果你的目標是燃燒脂肪，選擇正確的運動方式至關重要。本文將介紹幾種高效的燃脂運動，包括有氧運動（如跑步、游泳、騎自行車等）和高強度間歇訓練（HIIT）。這些運動不僅能幫助你在訓練中燃燒大量卡路里，還能提高新陳代謝，讓你在運動後持續燃燒脂肪。了解每種運動的特點，選擇最適合自己的方式，並且搭配適當的飲食，才能達到最佳燃脂效果。', 'c25002',1),
('增肌飲食建議：如何增加肌肉量', '增肌不僅僅是進行重量訓練，更重要的是合理的飲食計劃。本文將分享一些增肌飲食的基本原則，包括高蛋白飲食、適量的碳水化合物和健康的脂肪來源。增肌期間應該攝取足夠的蛋白質以支持肌肉修復與增長，並且保持熱量盈餘來促進肌肉的合成。此外，飲食時間的安排也很關鍵，運動前後攝取合適的營養有助於增肌效果。','c25002',1),
('如何避免健身過度訓練', '過度訓練是許多健身愛好者的常見問題，尤其是對於那些熱衷於快速達到健身目標的人來說。過度訓練會導致身體疲勞、免疫力下降、以及肌肉受傷。本文將討論如何避免過度訓練，並介紹有效的休息與恢復策略。合理安排訓練頻率、避免重複高強度訓練、並且注意聽從身體的信號，這些都是防止過度訓練的關鍵。', 'c25002',1),
('每週健身計劃：如何設置訓練目標', '設定一個具體的每週健身計劃是達到健身目標的關鍵。本文將教你如何根據自己的目標設置一個合理的每週訓練計劃，無論你的目標是減脂、增肌還是提高耐力。建立一個合理的訓練計劃不僅要考慮運動類型，還要充分考慮休息與恢復的時間，以避免過度訓練。每週的計劃應該有足夠的挑戰性，同時保持可持續性，這樣才能達到長期的健身效果。', 'c25002',0),
('居家健身器材推薦', '無需去健身房，居家也可以輕鬆進行高效訓練。本文將介紹幾款推薦的居家健身器材，包括啞鈴、彈力帶、壺鈴和瑜伽墊等，這些器材可以幫助你進行力量訓練、拉伸和瑜伽等各類運動。適合居家的健身器材不僅佔用空間小，而且價格相對便宜，是提升健身效果的好幫手。了解如何利用這些器材進行不同的運動，幫助你在家也能保持健康與身形。', 'c25002',0),
('運動後如何進行恢復', '運動後的恢復過程對於增強訓練效果及防止受傷至關重要。本文將探討運動後應該做哪些恢復工作，包括伸展、按摩、補充水分、補充營養等。適當的恢復不僅能緩解肌肉酸痛，還能促進肌肉的修復與增長。本文將提供一些具體的恢復技巧，如使用泡沫軸進行自我按摩，或者進行低強度的有氧運動來促進血液循環。', 'c25004',1),
('核心肌群訓練：必做的幾個動作', '強健的核心肌群對於日常生活中的動作和運動表現至關重要。本文將介紹幾個經典且高效的核心訓練動作，包括平板支撐、俄式轉體、死蟲式等。這些動作可以幫助你提升腹部、背部和髖部的穩定性，對於提高運動表現和預防運動傷害都有極大幫助。每週進行幾次核心訓練，讓你的核心更加穩定，動作更流暢。', 'c25002',1),
('有氧運動與重量訓練的區別', '有氧運動和重量訓練在健身中的作用各有不同。本文將分析有氧運動（如跑步、游泳）與重量訓練（如舉重、阻力訓練）的區別，並討論它們對健身目標的影響。有氧運動有助於提升心肺功能，增強耐力，而重量訓練則有助於增強肌肉力量與增肌。了解它們的不同，可以根據自己的目標選擇適合的運動方式，並將兩者結合起來達到全面的健身效果。', 'c25002',1),
('健身中的常見誤區', '在健身過程中，許多人會犯一些常見的誤區，這些誤區可能會影響到健身效果，甚至導致受傷。本文將列舉一些常見的健身誤區，包括過度依賴有氧運動、忽略力量訓練、過度訓練等，並提供如何避免這些誤區的建議。了解這些誤區，幫助你更加科學、有效地進行訓練，從而達到最佳的健身效果。', 'c25001',0),
('如何提高運動表現：訓練技巧分享', '想要提高運動表現，除了勤加練習，還需要掌握一些訓練技巧。本文將分享一些提升運動表現的小技巧，包括如何正確進行熱身、如何安排訓練計劃、如何進行有效的力量訓練等。掌握這些技巧，能夠讓你的訓練更加高效，提升運動表現，達到更好的健身效果。', 'c25005',0),
('健身中的營養補充：你需要知道的事情', '健身時，適當的營養補充至關重要，特別是蛋白質的攝取。本文將介紹健身過程中的營養補充，包括運動前後如何補充營養，補充蛋白質的最佳時間，以及如何根據訓練強度選擇合適的營養品。合理的營養補充能幫助你的肌肉更快恢復，達到更好的增肌效果。', 'c25002',1),
('減重期間如何保持肌肉量', '在減重的過程中，如何保持肌肉量是非常關鍵的。本文將分享一些保持肌肉量的技巧，包括如何設計訓練計劃、如何進行合理的飲食調整、以及如何避免過度減少熱量攝取等。保持足夠的蛋白質攝取並搭配力量訓練，是減重期間保持肌肉量的關鍵。', 'c25002',1),
('簡單的伸展運動，預防運動傷害', '伸展運動對於預防運動傷害非常重要，尤其是進行高強度訓練或長時間坐著工作後。本文將介紹一些簡單易學的伸展動作，幫助你保持肌肉的靈活性和彈性。這些動作可以幫助你減少受傷的風險，並促進肌肉的恢復。', 'c25002',0),
('如何使用健身追蹤器來提高訓練效果', '健身追蹤器能幫助你更好地監控訓練過程，進一步提升運動效果。本文將介紹如何使用健身追蹤器來測量心率、計算卡路里消耗、跟蹤訓練進度等。通過數據分析，你可以更精確地了解自己訓練的強度與效果，從而做出調整，提升健身效果。', 'c25002',1),
('有效的肌肉恢復方法：放鬆與按摩技巧', '運動後的肌肉恢復是提高訓練效果的關鍵。本文將介紹一些有效的肌肉恢復方法，包括使用泡沫軸進行自我按摩、深層組織按摩以及靜態拉伸等。這些方法能幫助放鬆肌肉，減少酸痛，並加速肌肉恢復。', 'c25003',0),
('為什麼你的健身計劃無法成功？', '很多人都會在健身計劃開始時充滿熱情，但過了一段時間後發現成效不如預期。本文將分析為什麼健身計劃無法成功，並提供一些解決方案，幫助你克服困難，持之以恆。', 3,0);

-- 最新消息 
CREATE TABLE gym_news (
    news_id INT AUTO_INCREMENT PRIMARY KEY,  
    title VARCHAR(255) NOT NULL,                
    content TEXT NOT NULL,                      
    author_id VARCHAR(50) NOT NULL,                      
    uploadStatus INT DEFAULT 0,                  
    created_at TIMESTAMP DEFAULT CURRENT_TIMESTAMP,
    updated_at TIMESTAMP DEFAULT CURRENT_TIMESTAMP 
);
INSERT INTO gym_news (title, content, author_id, uploadStatus, created_at, updated_at) VALUES
('健身房最新開設瑜伽課程', '我們的健身房將於下個月開始提供瑜伽課程，歡迎大家報名參加！', 'a2025001', 1),
('夏季優惠活動開始了', '我們的夏季優惠活動開始了，現在報名即可享受9折優惠！', 'a2025001', 1),
('新的健身器材上架', '我們的健身房已經更新了全新的健身器材，快來體驗吧！', 'a2025001', 1),
('健身挑戰賽活動', '健身房將於下個月舉辦健身挑戰賽，獎品豐富，大家不要錯過！', 'a2025001', 1),
('節假日開放時間公告', '即將到來的節假日期間，健身房將按照特別時間營業，請查詢具體時間表。', 'a2025001', 1),
('加入我們的團隊，招聘健身教練', '我們正在招聘全職健身教練，如果你有健身經驗並熱愛這份工作，快來加入我們！', 'a2025001', 0),
('新設計健身房布局', '我們近期對健身房進行了重新設計，新增了更多運動空間，提升了整體的使用體驗。', 'a2025001', 1),
('健身房會員專屬優惠券', '健身房為所有會員提供專屬的優惠券，可在下次使用時享受折扣。', 'a2025001', 1),
('健康飲食講座即將開講', '我們將舉辦一次健康飲食講座，專家將分享如何在健身的同時保持均衡飲食。', 'a2025001', 1),
('健身房即將舉辦公益活動', '健身房將於下個月舉辦公益活動，邀請大家來一起參加，為社區貢獻愛心。', 'a2025001', 0);


-- 訂單
CREATE TABLE orders (
    order_id INT AUTO_INCREMENT PRIMARY KEY,         
    member_id INT NOT NULL,          -- 外鍵，參照 member 資料表                   
    total_amount DECIMAL(10, 2) NOT NULL,             
    status VARCHAR(50) NOT NULL,                      
    self_pickup_store TEXT NOT NULL,                  
    payment_method VARCHAR(50) NOT NULL,             
    created_at TIMESTAMP DEFAULT CURRENT_TIMESTAMP,  
    updated_at TIMESTAMP DEFAULT CURRENT_TIMESTAMP ON UPDATE CURRENT_TIMESTAMP 
    
);
desc orders;
#drop table orders;

INSERT INTO orders (member_id, total_amount, status, self_pickup_store, payment_method)
VALUES
(1, 150.00, 'pending', '台南市中西區永華路一段100號', '信用卡'),
(2, 250.50, 'completed', '台南市東區東安路200號', '現金'),
(3, 99.99, 'canceled', '台南市北區公園路300號', '信用卡'),
(4, 300.00, 'pending', '台南市安平區健康路400號', '現金'),
(5, 450.75, 'completed', '台南市南區大同路500號', '信用卡'),
(6, 120.00, 'pending', '台南市新營區中正路600號', '現金'),
(7, 200.50, 'completed', '台南市永康區文化路700號', '信用卡'),
(8, 330.00, 'canceled', '台南市安南區城北路800號', '現金'),
(9, 175.25, 'pending', '台南市歸仁區中山路900號', '信用卡'),
(10, 550.00, 'completed', '台南市仁德區成功路1000號', '現金'),
(11, 120.75, 'pending', '台南市佳里區民生路1100號', '信用卡'),
(12, 300.50, 'completed', '台南市麻豆區中山路1200號', '現金'),
(13, 410.00, 'pending', '台南市新化區和平路1300號', '信用卡'),
(14, 95.99, 'canceled', '台南市柳營區中正路1400號', '現金'),
(15, 210.00, 'completed', '台南市官田區和平路1500號', '信用卡'),
(16, 305.75, 'pending', '台南市鹽水區民權路1600號', '現金'),
(17, 480.00, 'completed', '台南市善化區中山路1700號', '信用卡'),
(18, 150.00, 'canceled', '台南市新市區中正路1800號', '現金'),
(19, 225.50, 'pending', '台南市大內區中華路1900號', '信用卡'),
(20, 310.00, 'completed', '台南市玉井區中正路2000號', '現金'),
(21, 95.75, 'pending', '台南市楠西區中山路2100號', '信用卡'),
(22, 215.00, 'completed', '台南市左鎮區中華路2200號', '現金'),
(23, 405.00, 'pending', '台南市南化區中正路2300號', '信用卡'),
(24, 310.99, 'canceled', '台南市白河區中山路2400號', '現金'),
(25, 220.00, 'completed', '台南市東山區民權路2500號', '信用卡'),
(26, 500.75, 'pending', '台南市六甲區和平路2600號', '現金'),
(27, 130.00, 'completed', '台南市後壁區中華路2700號', '信用卡'),
(28, 345.25, 'canceled', '台南市七股區中山路2800號', '現金'),
(29, 290.00, 'pending', '台南市將軍區中正路2900號', '信用卡'),
(30, 425.50, 'completed', '台南市北門區中華路3000號', '現金');

select * from orders;
#delete from orders;

-- 訂單物件
CREATE TABLE order_items (
    order_item_id INT AUTO_INCREMENT PRIMARY KEY, 
    order_id INT NOT NULL,                        -- 外鍵，參照 orders 資料表
    product_id INT NOT NULL,                      -- 外鍵，參照 products 資料表
    quantity INT NOT NULL,                        -- 商品數量
    total_price DECIMAL(10, 2) NOT NULL,          -- 商品總金額
    rental_days INT NOT NULL,                     -- 租借天數
    created_at TIMESTAMP DEFAULT CURRENT_TIMESTAMP, -- 訂單項目建立時間
    updated_at TIMESTAMP DEFAULT CURRENT_TIMESTAMP ON UPDATE CURRENT_TIMESTAMP -- 訂單項目更新時間
    
);
-- FOREIGN KEY (order_id) REFERENCES orders(order_id), -- 設定外鍵
-- FOREIGN KEY (product_id) REFERENCES products(product_id) -- 設定外鍵

INSERT INTO order_items (order_id, product_id, quantity, total_price, rental_days, created_at, updated_at)
VALUES
(1, 101, 2, 300.00, 3, '2025-01-10 10:00:00', '2025-01-10 10:00:00'),
(2, 102, 1, 150.00, 2, '2025-01-10 11:00:00', '2025-01-10 11:00:00'),
(3, 103, 3, 450.00, 5, '2025-01-11 09:30:00', '2025-01-11 09:30:00'),
(4, 104, 1, 120.00, 1, '2025-01-11 14:20:00', '2025-01-11 14:20:00'),
(5, 105, 2, 250.00, 2, '2025-01-12 08:00:00', '2025-01-12 08:00:00'),
(6, 106, 4, 600.00, 6, '2025-01-12 15:30:00', '2025-01-12 15:30:00'),
(7, 107, 2, 500.00, 4, '2025-01-13 13:45:00', '2025-01-13 13:45:00'),
(8, 108, 3, 330.00, 3, '2025-01-13 16:10:00', '2025-01-13 16:10:00'),
(9, 109, 1, 200.00, 2, '2025-01-14 09:20:00', '2025-01-14 09:20:00'),
(10, 110, 5, 750.00, 5, '2025-01-14 12:00:00', '2025-01-14 12:00:00'),
(11, 111, 2, 400.00, 4, '2025-01-15 10:30:00', '2025-01-15 10:30:00'),
(12, 112, 1, 150.00, 3, '2025-01-15 11:45:00', '2025-01-15 11:45:00'),
(13, 113, 3, 450.00, 6, '2025-01-16 14:10:00', '2025-01-16 14:10:00'),
(14, 114, 2, 240.00, 2, '2025-01-16 16:00:00', '2025-01-16 16:00:00'),
(15, 115, 1, 180.00, 3, '2025-01-17 09:00:00', '2025-01-17 09:00:00'),
(16, 116, 4, 600.00, 6, '2025-01-17 10:45:00', '2025-01-17 10:45:00'),
(17, 117, 2, 420.00, 4, '2025-01-18 11:30:00', '2025-01-18 11:30:00'),
(18, 118, 3, 360.00, 3, '2025-01-18 14:00:00', '2025-01-18 14:00:00'),
(19, 119, 1, 150.00, 2, '2025-01-19 12:20:00', '2025-01-19 12:20:00'),
(20, 120, 2, 300.00, 3, '2025-01-19 15:10:00', '2025-01-19 15:10:00');


select * from order_items;
# drop table order_items;

-- 付款方式
CREATE TABLE payments (
    payment_id INT AUTO_INCREMENT PRIMARY KEY, 
    order_id INT NOT NULL,                     -- 外鍵，參照 orders 資料表
    amount DECIMAL(10, 2) NOT NULL,            -- 付款金額
    payment_method VARCHAR(50) NOT NULL,       -- 付款方式 (例如：信用卡、現金)
    payment_status VARCHAR(50) NOT NULL,       -- 付款狀態 (例如：success、failed、pending)
    payment_date TIMESTAMP DEFAULT CURRENT_TIMESTAMP -- 付款時間
    
);
-- FOREIGN KEY (order_id) REFERENCES orders(order_id) -- 設定外鍵，關聯到 orders 表

INSERT INTO payments (order_id, amount, payment_method, payment_status, payment_date) 
VALUES
(1, 150.00, '信用卡', 'success', '2025-01-10 14:20:00'),
(2, 250.50, '現金', 'success', '2025-01-10 15:30:00'),
(3, 99.99, '信用卡', 'failed', '2025-01-11 10:00:00'),
(4, 300.00, '現金', 'success', '2025-01-11 11:45:00'),
(5, 450.75, '信用卡', 'success', '2025-01-12 09:20:00'),
(6, 120.00, '現金', 'pending', '2025-01-12 10:50:00'),
(7, 200.50, '信用卡', 'failed', '2025-01-13 13:30:00'),
(8, 330.00, '現金', 'success', '2025-01-13 14:10:00'),
(9, 175.25, '信用卡', 'pending', '2025-01-14 08:50:00'),
(10, 550.00, '現金', 'success', '2025-01-14 16:20:00'),
(11, 120.75, '信用卡', 'success', '2025-01-15 11:00:00'),
(12, 300.50, '現金', 'failed', '2025-01-15 12:30:00'),
(13, 410.00, '信用卡', 'success', '2025-01-16 14:50:00'),
(14, 95.99, '現金', 'pending', '2025-01-16 15:40:00'),
(15, 210.00, '信用卡', 'success', '2025-01-17 09:10:00'),
(16, 305.75, '現金', 'success', '2025-01-17 10:20:00'),
(17, 480.00, '信用卡', 'success', '2025-01-18 13:50:00'),
(18, 150.00, '現金', 'failed', '2025-01-18 14:30:00'),
(19, 225.50, '信用卡', 'pending', '2025-01-19 11:20:00'),
(20, 310.00, '現金', 'success', '2025-01-19 15:00:00');

select * from payments;
